type,name,module,path,hash
"csv","agent-manifest","_cfg","bmad/_cfg/agent-manifest.csv","4ff2c64adef7999867abb80759db5730d0dedb571079ab93f527ba04c331c5db"
"csv","task-manifest","_cfg","bmad/_cfg/task-manifest.csv","0978aa6564f3fa451bce1a7d98e57c08d57dd8aa87f0acc282e61ea4faa6a6fd"
"csv","workflow-manifest","_cfg","bmad/_cfg/workflow-manifest.csv","652ca21ac14fe8c0011bfe998cda7517b48fd7687f8600b11069319fc4ccc51c"
"yaml","manifest","_cfg","bmad/_cfg/manifest.yaml","6211b86e8fbb2336f0ed33178119d7b94fc622cb7157aea14af87b14986cece3"
"js","installer","bmb","bmad/bmb/workflows/create-module/installer-templates/installer.js","f065095d3392601b90e0336017479528c90ab00407c88b9c08f553f0eafeecf1"
"md","agent-architecture","bmb","bmad/bmb/workflows/create-agent/agent-architecture.md","70a899c262105d0e775d799e2f1f2ec081ee84622ccb7d4500256981bb1401ba"
"md","agent-command-patterns","bmb","bmad/bmb/workflows/create-agent/agent-command-patterns.md","9c939cbb3018c0ee87cf60209db65d6176fced499f1e1fd0ba7d360bc470d081"
"md","agent-types","bmb","bmad/bmb/workflows/create-agent/agent-types.md","24b11472f2936cbf75b6dd9e822e944592f05ae07d90060bef5d318d04250896"
"md","bmad-builder","bmb","bmad/bmb/agents/bmad-builder.md","65f04b5056f7d1e211481356169cf74eaefe8d9ea4f2b0fc847dcc6522a28711"
"md","brainstorm-context","bmb","bmad/bmb/workflows/create-agent/brainstorm-context.md","c681e9493f118d2d84825ab5e061f6c88a57404113f73ae9f05a488a9e76d5fe"
"md","brainstorm-context","bmb","bmad/bmb/workflows/create-module/brainstorm-context.md","886f075588e5bd20dfbe6417a9c73799c73f7c1e98a53bbba61c0354743529ff"
"md","brainstorm-context","bmb","bmad/bmb/workflows/create-workflow/brainstorm-context.md","07193ddbfe309faf17f1e6bf0f2a8b243d7361502a3d6a4e58ed3c9bf5c3068f"
"md","checklist","bmb","bmad/bmb/workflows/audit-workflow/checklist.md","afd9003a6759cbb6b54305f43149cec00dbca09baba47c9dc00dfa60a05527a0"
"md","checklist","bmb","bmad/bmb/workflows/convert-legacy/checklist.md","93ae588a2910ee907a8fe07e5d85b9d0122114650410875fe729a7cb3bfa5de5"
"md","checklist","bmb","bmad/bmb/workflows/create-agent/checklist.md","0cad311305d657713b12d4db08ed9563fbb83f45e51ea9ede8130b941b52b4a4"
"md","checklist","bmb","bmad/bmb/workflows/create-module/checklist.md","ecb028d6887dcea63a68c26140ab0571b7589e39f0d74e4ebf4149f1ff13cf3f"
"md","checklist","bmb","bmad/bmb/workflows/create-workflow/checklist.md","2d2d6a21a84f3d42318a4cf32f9593f04befba145055a33b2bd5c76ea14030c0"
"md","checklist","bmb","bmad/bmb/workflows/create-workflow/workflow-template/checklist.md","329a1e39a83e95d1d3a6c1784eb15841ef509b88be82cdc9a42bd693dc114b64"
"md","checklist","bmb","bmad/bmb/workflows/edit-agent/checklist.md","e0497a13df26216b3a6f710665c2d224856baa8bfaff529ba0c7d80185bfb1a7"
"md","checklist","bmb","bmad/bmb/workflows/edit-module/checklist.md","a7c53ce9c3b01176cc0ec39f9dc21bf799b1ad5e6edd9a67eb59a7d4a13b1de8"
"md","checklist","bmb","bmad/bmb/workflows/edit-workflow/checklist.md","3b59883c9a68b9a735fffb5b70c6071077b24b85e4d07b7345502fbe6b0239bb"
"md","checklist","bmb","bmad/bmb/workflows/module-brief/checklist.md","768aa2c618ba082b2c425729acb06ee70d351318ab833d782147c95afd4c9794"
"md","checklist","bmb","bmad/bmb/workflows/redoc/checklist.md","db5464e898669936ae5b86d0ddf0de4299b669f0571aa07bf39daa5d75b06aa4"
"md","communication-styles","bmb","bmad/bmb/workflows/create-agent/communication-styles.md","186600100d64468448acb46dd4dda2728969982eded4e3c4b97f0a78710a2e8c"
"md","instructions","bmb","bmad/bmb/workflows/audit-workflow/instructions.md","8317031ca57ef3f33f74ebe69adc7b4d70635efdb09947c954e1eb59246db0eb"
"md","instructions","bmb","bmad/bmb/workflows/convert-legacy/instructions.md","e056c0c560028521082b37693aef4dc86b307bb48460188df04eefe0e38c0f49"
"md","instructions","bmb","bmad/bmb/workflows/create-agent/instructions.md","e2f78f78db5f0d6a621b3a250d1aacc8291270912aae731e392a71df14da3f0c"
"md","instructions","bmb","bmad/bmb/workflows/create-module/instructions.md","14611d88d4397be996a04dd299e55a6b8ef56b5410d13b8f50b8d21064916b75"
"md","instructions","bmb","bmad/bmb/workflows/create-workflow/instructions.md","7eccba1775cf718b46384982c55cb1e5efc9d8cca61fce9b356d681a97b8fd28"
"md","instructions","bmb","bmad/bmb/workflows/create-workflow/workflow-template/instructions.md","972d9f101c3c2859d64abf4e42d4185ca48f33a41f604b819cec86e78a3fd1b8"
"md","instructions","bmb","bmad/bmb/workflows/edit-agent/instructions.md","6485b1ca22869f18f261c1aa82ef06f80ec83f536f0ae9601a5a6c3765052229"
"md","instructions","bmb","bmad/bmb/workflows/edit-module/instructions.md","fee3d545219fc276243363f309daaf6aaf20f44e756062294f076ac50cb4b441"
"md","instructions","bmb","bmad/bmb/workflows/edit-workflow/instructions.md","d59628608172d11969e4910f70ed65cf3deac56ce3ac6b80e6941ed159680fcf"
"md","instructions","bmb","bmad/bmb/workflows/module-brief/instructions.md","6e3fbb823b10bbbc0d41565218d66d0de1d260db4ccb3223ddc97ec22a2e708f"
"md","instructions","bmb","bmad/bmb/workflows/redoc/instructions.md","3da163b8c9b2d27c6ff59d793a8278bdfdab9cc2686b29126e0bde14141f6ba6"
"md","module-structure","bmb","bmad/bmb/workflows/create-module/module-structure.md","a9aec06038e908a68f8aad76ec9296715e3953af479884719054b8618037b3f6"
"md","README","bmb","bmad/bmb/README.md","a9730c0621cdf022ba9db1207d04aab77b55b94021926b1ae73f35de285e4d3f"
"md","README","bmb","bmad/bmb/workflows/convert-legacy/README.md","f20a743cbdbf7e433a88d3be9949e9ec9efacb2a4e70d1049b36405c6589ee73"
"md","README","bmb","bmad/bmb/workflows/create-agent/README.md","498151875eef76baae097c9311196bebb4af831780e3a312f0f7159e13177256"
"md","README","bmb","bmad/bmb/workflows/create-module/README.md","8495e1e82600af88f463fe0dec06c2dae06be5d517437c434b8779d55199f8bc"
"md","README","bmb","bmad/bmb/workflows/create-workflow/README.md","f200ad1b3dc67fedcc0420e8658df753234ac506d5571c41a037809b48e37dc9"
"md","README","bmb","bmad/bmb/workflows/edit-agent/README.md","0f620f74640f78a6096373dfd78702d9096fc02ecc1cf43b7bc0f73ae6bc8f14"
"md","README","bmb","bmad/bmb/workflows/edit-module/README.md","eff5a684f5d848fd48873d8e92f157c97b419e2f1f6300045d9f8f55e2e3f5ca"
"md","README","bmb","bmad/bmb/workflows/edit-workflow/README.md","89e2c60e4cc95a734f480aa4974eafb4af66d26ba10588623f6ffb54106335c4"
"md","README","bmb","bmad/bmb/workflows/module-brief/README.md","2c316339bf30aea936a5710436c496495b2c1e35334fb0b9677fd140fd1a38a9"
"md","README","bmb","bmad/bmb/workflows/redoc/README.md","0820ef9b59febdb82d56b5a519230f438ead08ed9f445e66a061368c6c63f777"
"md","template","bmb","bmad/bmb/workflows/audit-workflow/template.md","c9a9961f7c7bd76126f3870adef08020b35a8410757ae70d0f945d6aa4b2298f"
"md","template","bmb","bmad/bmb/workflows/create-workflow/workflow-template/template.md","8a56e37ae2b6ee9ea9fc319132cff573217530a015f323c7c6724824ad113286"
"md","template","bmb","bmad/bmb/workflows/module-brief/template.md","92902dab599c4aed7f36cc61d01359deaece1362ed237b2840880f2f02e8363d"
"md","workflow-creation-guide","bmb","bmad/bmb/workflows/create-workflow/workflow-creation-guide.md","cd5319fbbeddc322f06779a34c8e1b8177ebb3045e3b7024edc268118767ff58"
"yaml","bmad-builder.agent","bmb","bmad/bmb/agents/bmad-builder.agent.yaml",""
"yaml","config","bmb","bmad/bmb/config.yaml","adfb2a83e0a38c0cf91f99d2b77072c19ef74c753e1cd48b6f042a7faace21f7"
"yaml","install-config","bmb","bmad/bmb/workflows/create-module/installer-templates/install-config.yaml","13a8b700e23bb769fddfd2ddd443e3a88a004dd7def3f6c5200bfd9568faa257"
"yaml","workflow","bmb","bmad/bmb/workflows/audit-workflow/workflow.yaml","e42b03de8e13abfa4a1cde2010e77bc015f14f7a94111fce0d22af109c334a35"
"yaml","workflow","bmb","bmad/bmb/workflows/convert-legacy/workflow.yaml","5a6d3618760368592e88ce6930babe73e519b0890784f020cd7fe054cf9914d2"
"yaml","workflow","bmb","bmad/bmb/workflows/create-agent/workflow.yaml","d2b4a8fdf37c4df90418b3ab81d906b1b75ac3c33446e4b857989539ff23da07"
"yaml","workflow","bmb","bmad/bmb/workflows/create-module/workflow.yaml","128abcab5738180e3345dfda2ac09438d87633d385cd8a5cd2118fff9639ea38"
"yaml","workflow","bmb","bmad/bmb/workflows/create-workflow/workflow-template/workflow.yaml","4a350cc2d9f66d94d6152396f7e92f83ac5532996523df79fdeb236bea850a07"
"yaml","workflow","bmb","bmad/bmb/workflows/create-workflow/workflow.yaml","fcefacd8cebbcf1455e573b5ba3a432e5b2fac435a8c541340ac3e93698e9a41"
"yaml","workflow","bmb","bmad/bmb/workflows/edit-agent/workflow.yaml","36829a6e3efa3c7f8bae2c8d33f538d0dd8652c4fe5858112c0f7e5806bc350b"
"yaml","workflow","bmb","bmad/bmb/workflows/edit-module/workflow.yaml","5cd455b4a1a336ae856fcf3eb27c5fb599812298da9c8e20225aae349599462a"
"yaml","workflow","bmb","bmad/bmb/workflows/edit-workflow/workflow.yaml","48baf461b85529019713e3128c85473b5e7bfd66ac7ee4b614e3350451f241d3"
"yaml","workflow","bmb","bmad/bmb/workflows/module-brief/workflow.yaml","661f114b6a7a8a4e8e6ac9d745b55dfa171978b109c6dfe54cdfe2bb74043548"
"yaml","workflow","bmb","bmad/bmb/workflows/redoc/workflow.yaml","7383529280fde974e1c309b4303e8eef201863933c97c6afece7e64b392eff27"
"csv","documentation-requirements","bmm","bmad/bmm/workflows/document-project/documentation-requirements.csv","efc91d54787939a2dd2c22400e6b9b6f58835a741ea557e8971b5b333ce666e8"
"csv","domain-complexity","bmm","bmad/bmm/workflows/2-plan-workflows/prd/domain-complexity.csv","b74c413a885918ef62f90d61889e4e8c64aea3d26d357c6b1cc5054092274783"
"csv","game-brain-methods","bmm","bmad/bmm/workflows/1-analysis/brainstorm-game/game-brain-methods.csv","f6fb96d2134a941ad0dd6cbdcb7bdcc01b7c04b1009e196cf859fc330f843bdb"
"csv","game-types","bmm","bmad/bmm/workflows/2-plan-workflows/gdd/game-types.csv","4f4a61090a084188178340aa08edaa8f3a08029bac7f01f23f228723b9524a59"
"csv","pattern-categories","bmm","bmad/bmm/workflows/3-solutioning/architecture/pattern-categories.csv","490bb6b7d5abfd5c1b20dca04399870c030b5d5d2db7148621d43f08044616e8"
"csv","project-types","bmm","bmad/bmm/workflows/2-plan-workflows/prd/project-types.csv","882411050c58b1341ac1d1454bbd650e18bd4be8b68c85e49042e74f2bf097db"
"csv","tea-index","bmm","bmad/bmm/testarch/tea-index.csv","c32cbfe439e58556a0ee366988c5447e2c415a325c4e2599c5e3f0c8ae8899a9"
"json","project-scan-report-schema","bmm","bmad/bmm/workflows/document-project/templates/project-scan-report-schema.json","4c27adf9407907f31150d03d233f782f165aae9f754ecfa5532d0eed36c8bc94"
"md","action-platformer","bmm","bmad/bmm/workflows/2-plan-workflows/gdd/game-types/action-platformer.md","f711632d2a1067243347cfa5686488377421b8a0337e32ab06031c7d1051cb76"
"md","adventure","bmm","bmad/bmm/workflows/2-plan-workflows/gdd/game-types/adventure.md","2a242677235821099af6adcfc4a17dbeabe9ad914fb5c4599eab4f8691c86402"
"md","agents-guide","bmm","bmad/bmm/docs/agents-guide.md","0344856d2dee1e9518eb0c984dd14192b4dbf9905360c5f21b4b826ffcd4eea4"
"md","analyst","bmm","bmad/bmm/agents/analyst.md","61eda6890e28c5637476e7878fcc821b7a98a70fdf7ac1e03ba849755af0a2fe"
"md","api-documenter","bmm","bmad/bmm/sub-modules/claude-code/sub-agents/bmad-analysis/api-documenter.md","34e5dc7ba546dd3ffd9de2af581e0b7b73ba898d8c90293a65b9bbcc87ee5933"
"md","architect","bmm","bmad/bmm/agents/architect.md","d6b29a32f6894c6f798087f4d7e9eca47b79d178b9e613a9123eb66ea66adc1a"
"md","architecture-template","bmm","bmad/bmm/workflows/3-solutioning/architecture/architecture-template.md","8af47cd86e625a87836f88c2b8b158c7c61079562ca03d361a46888c06bf098f"
"md","atdd-checklist-template","bmm","bmad/bmm/workflows/testarch/atdd/atdd-checklist-template.md","9a267489ba6a0fc1f4096795bf1aaed395f98be1963e302479c7030656a5d3e4"
"md","AUDIT-REPORT","bmm","bmad/bmm/workflows/4-implementation/dev-story/AUDIT-REPORT.md","b0e43e9eda9082960082e03af3a4bc2231f4cfa9f1ed22a0ebdddcc3e37ba90b"
"md","backlog_template","bmm","bmad/bmm/workflows/4-implementation/code-review/backlog_template.md","42c4a61b30a8d1bfc670934db31622097b679ceee80f7744de823a77fa6ccd42"
"md","brownfield-guide","bmm","bmad/bmm/docs/brownfield-guide.md","0569a5c2e3415abd293184f32e55ab1afc2cafd1331e6ad679822c2a4cd69ee5"
"md","card-game","bmm","bmad/bmm/workflows/2-plan-workflows/gdd/game-types/card-game.md","63a72a7cd8e9c15ff0778ca2af49ee146daf7a8d0772f83afc6e8421b088b1fd"
"md","checklist","bmm","bmad/bmm/workflows/1-analysis/game-brief/checklist.md","ddb4129f1f7474f25e78a4836410d6b3432ee5c6344414647ce3c8c3af1c56f5"
"md","checklist","bmm","bmad/bmm/workflows/1-analysis/product-brief/checklist.md","4b3211448c246d2313d5e6a3f38421ec846fcfb6dd4abd86fb99b156ad02eb2b"
"md","checklist","bmm","bmad/bmm/workflows/1-analysis/research/checklist.md","8b49179a4b7bc9aa407d478dc89a1447bb72c6d51d5bce88357489c6040beb95"
"md","checklist","bmm","bmad/bmm/workflows/2-plan-workflows/create-ux-design/checklist.md","69c45f1d99f8f52855ba9e4d7ac13f5b90494e7d2c7526c24e43a46ba4af560e"
"md","checklist","bmm","bmad/bmm/workflows/2-plan-workflows/gdd/checklist.md","43da9cadbca5dc6a18f998560ac85cb471ebf265ed1fc292b30b5e5046f424a2"
"md","checklist","bmm","bmad/bmm/workflows/2-plan-workflows/narrative/checklist.md","e780d2703a61e6f9b6bdf0d624671140a9b93e42cdf9dcd521f41d5a7be9f967"
"md","checklist","bmm","bmad/bmm/workflows/2-plan-workflows/prd/checklist.md","56ae8a665e3e5dadf8c22095b4ff6e9ff2320bd7454d8c9aee62be48af69579a"
"md","checklist","bmm","bmad/bmm/workflows/2-plan-workflows/tech-spec/checklist.md","3286dcadece0dffca97f7df86085eb8c6a5485c50f93b07ed9b00f9f482cc7b2"
"md","checklist","bmm","bmad/bmm/workflows/3-solutioning/architecture/checklist.md","ecb2375b53f43c08fc86a51a6c6ac53482e7716958fc6fe38860ed91caa453d2"
"md","checklist","bmm","bmad/bmm/workflows/3-solutioning/solutioning-gate-check/checklist.md","a80d5c76883708abb59c69123a0a2c646baafc245acaec1a89b9b244d37b4698"
"md","checklist","bmm","bmad/bmm/workflows/4-implementation/code-review/checklist.md","db1b413bbdce4f490906a11c1be889f44f7833ca54c9785098fa8fa566168e3c"
"md","checklist","bmm","bmad/bmm/workflows/4-implementation/correct-course/checklist.md","961124b78fc7c26845906b2df7ee4d608c6ef6ecf91f56f9d12b688a0941fc6a"
"md","checklist","bmm","bmad/bmm/workflows/4-implementation/create-story/checklist.md","7bb9d3a0b6c612bb5194bfa91187361e39c47a0ea485cb4b31ab5d6396aa38d8"
"md","checklist","bmm","bmad/bmm/workflows/4-implementation/dev-story/checklist.md","3aa8e1ab8ed440d56c43218f705993748fe4725a84d514ada19689cef786e41a"
"md","checklist","bmm","bmad/bmm/workflows/4-implementation/epic-tech-context/checklist.md","786e432de2182f96c468ad3aea2e009bc90b402cf47da1de9774907542d4b431"
"md","checklist","bmm","bmad/bmm/workflows/4-implementation/sprint-planning/checklist.md","cc4f8e9411dbf9e644333790f867d74027aae3721cbc7f11d574536bf903a0aa"
"md","checklist","bmm","bmad/bmm/workflows/4-implementation/story-context/checklist.md","2fa22240b9c6eb716b35e99f25be3d84adfc134466dee75b75b5aa4a46263843"
"md","checklist","bmm","bmad/bmm/workflows/document-project/checklist.md","e552c0566213cec03a0e3381892386a884ddb5c3b036c9d678905360a0284999"
"md","checklist","bmm","bmad/bmm/workflows/testarch/atdd/checklist.md","10835403aae2bf2f4c90558a139e0d36e07edac71072966a2d54fb4518ca1a98"
"md","checklist","bmm","bmad/bmm/workflows/testarch/automate/checklist.md","034025f155c51cc8ce970041b34720996b8a7232991a36ea378e229b4ebf855c"
"md","checklist","bmm","bmad/bmm/workflows/testarch/ci/checklist.md","be9d7c09baa1f365b1b81188aeccf41cbbf7863a055d4cf1fadbd3fee1b970d2"
"md","checklist","bmm","bmad/bmm/workflows/testarch/framework/checklist.md","6a59d985815da342003d6d37ee04a9a35cd862093f5ff6cd36fb33d0fdc4d3b0"
"md","checklist","bmm","bmad/bmm/workflows/testarch/nfr-assess/checklist.md","cd3a06a4c36557f28d93fb78766c96fb39db57c399187a26f056ebd63ef7de74"
"md","checklist","bmm","bmad/bmm/workflows/testarch/test-design/checklist.md","36d04dc34118cf67cd94a0a844a9f8226a17029bd544a73fe95d434a407ed157"
"md","checklist","bmm","bmad/bmm/workflows/testarch/test-review/checklist.md","4513e00ce1966b81432b494bc5954122851da51b170a3fc55ad3872aec37c929"
"md","checklist","bmm","bmad/bmm/workflows/testarch/trace/checklist.md","58d75317202230e58e43adb9b711f2bba4a5e0ea1ad5c1ab4b8a9064ed007625"
"md","checklist-deep-prompt","bmm","bmad/bmm/workflows/1-analysis/research/checklist-deep-prompt.md","6c168868006c624aadff23ccd00248bd8f90ccb4d3336e52de53747ae30b0a36"
"md","checklist-technical","bmm","bmad/bmm/workflows/1-analysis/research/checklist-technical.md","cd14e06d2b20b186a00bcd3c8f137003199a4931342e5c7ac73db0732a6d41bd"
"md","ci-burn-in","bmm","bmad/bmm/testarch/knowledge/ci-burn-in.md","d1688040c43d23a638a627c8544c24cbcf410e4e19af5158c09155d832addd4d"
"md","codebase-analyzer","bmm","bmad/bmm/sub-modules/claude-code/sub-agents/bmad-analysis/codebase-analyzer.md","6b9bc9cc85aa0c71a867ffdf861375eda7772e7a1afa8fe513d7efa408ba681d"
"md","component-tdd","bmm","bmad/bmm/testarch/knowledge/component-tdd.md","1acb4c48b2f924f60ed6784955597c17120466d5dc24d2e43e4b0a1bd0e61aae"
"md","contract-testing","bmm","bmad/bmm/testarch/knowledge/contract-testing.md","1d90624821dc9cbbffe41567ec05045b3f5f634c5208ff0151e946520a3d484b"
"md","data-analyst","bmm","bmad/bmm/sub-modules/claude-code/sub-agents/bmad-analysis/data-analyst.md","77d9e6b95c2097a821dbbfbb2944f346ff65a577aefad4792a5a5059080592e7"
"md","data-factories","bmm","bmad/bmm/testarch/knowledge/data-factories.md","c98dab79a9064d45402dbe0a5c25a1d82b53557c56e3f142023bf907e2b98d53"
"md","deep-dive-instructions","bmm","bmad/bmm/workflows/document-project/workflows/deep-dive-instructions.md","f09689122758ccd6d1374346ef53d3e2ad0c873e5a5d98d118bf7980cf8ad0db"
"md","deep-dive-template","bmm","bmad/bmm/workflows/document-project/templates/deep-dive-template.md","2d098bb425f58d1d49ab5c6b7c1a8c92af9271d281bacafe000fed059a1a206d"
"md","dependency-mapper","bmm","bmad/bmm/sub-modules/claude-code/sub-agents/bmad-planning/dependency-mapper.md","029078feaaba58ba79018ebf39640665af7ab9c00585316b8c5809a5395f5d35"
"md","dev","bmm","bmad/bmm/agents/dev.md","a62ab5d83b12992b588289d9d78c84fefa0af31969711edb91583443009c7c73"
"md","document-reviewer","bmm","bmad/bmm/sub-modules/claude-code/sub-agents/bmad-review/document-reviewer.md","24435d1983b21d00a7bf66660e3cf6b9e8d11d745a813c7feb155449d850c7db"
"md","documentation-standards","bmm","bmad/bmm/workflows/techdoc/documentation-standards.md","a6497acb8f313c70bd99b6506a524610730af6148376e98f95db2af22edf76cd"
"md","email-auth","bmm","bmad/bmm/testarch/knowledge/email-auth.md","1265f30cdd7b85f164769abf4f6ea86b6abec3acd90653e646a9c9ee17176963"
"md","enterprise-agentic-development","bmm","bmad/bmm/docs/enterprise-agentic-development.md","abf78795464f452dc6dea2d92e1f2a665ea57220ee02d60b72cd7688892c519d"
"md","epic-optimizer","bmm","bmad/bmm/sub-modules/claude-code/sub-agents/bmad-planning/epic-optimizer.md","23f5444c0edb1e58acf8c895a5c10e25deb5ccd0ae27baf99c6d4b2fa1a5f504"
"md","epics-template","bmm","bmad/bmm/workflows/2-plan-workflows/prd/create-epics-and-stories/epics-template.md","a1e66edc7c8106610ffd5e98714b7c392bd323942f870268934c60fb1d82be0c"
"md","epics-template","bmm","bmad/bmm/workflows/2-plan-workflows/tech-spec/epics-template.md","d3175c9c7a01fc3e155d7a4c59c7c8274698cde16de96c5267cce304e00b2113"
"md","error-handling","bmm","bmad/bmm/testarch/knowledge/error-handling.md","86c04dd03ff81340eb99bdfe200f8d6a51c99a2199fb80a0046f9cb312d7c440"
"md","faq","bmm","bmad/bmm/docs/faq.md","7b82497b5014606e4b1445ef3a008b1a31291be5c3b6406072622f83bf71e5d8"
"md","feature-flags","bmm","bmad/bmm/testarch/knowledge/feature-flags.md","91d8753aaab3ae974ab9ab5a4651dd39e147fe5ac1b9e74620dd1901efc8e93f"
"md","fighting","bmm","bmad/bmm/workflows/2-plan-workflows/gdd/game-types/fighting.md","a3da81cf6924927931eb7338753ae8a03028a7e5e26a31428c737a151e02950f"
"md","fixture-architecture","bmm","bmad/bmm/testarch/knowledge/fixture-architecture.md","e578e2164ba7d60818a910242d9bc03413724bae3e8e5a5f03192b3c3076d83d"
"md","full-scan-instructions","bmm","bmad/bmm/workflows/document-project/workflows/full-scan-instructions.md","9f8c8c21c36aa44047b90936424ab88f5f04bb541e3f4a5dc1a7980a1b430068"
"md","game-architect","bmm","bmad/bmm/agents/game-architect.md","34dd9ceed849078c9ad4dd200727206ac0bdd786736b552dfc6bccb30daf31e9"
"md","game-context","bmm","bmad/bmm/workflows/1-analysis/brainstorm-game/game-context.md","d362430b87dfe8a9b8c3bf9ae6820235b0d46bbed326591cbb58acdb5ff70640"
"md","game-designer","bmm","bmad/bmm/agents/game-designer.md","3da09eae94a913769f2b9d6d4304b989f4f40089718e0434fb6f0441f6263868"
"md","game-dev","bmm","bmad/bmm/agents/game-dev.md","bd4b6e1f56d1d5400a432219be3313d6a0b4ca53a5f705408b884788f77447f9"
"md","gdd-template","bmm","bmad/bmm/workflows/2-plan-workflows/gdd/gdd-template.md","791dfdf0ac71a2e249984c07ca47938dcc2c602c935547124cb1eeccd3d1fbaf"
"md","glossary","bmm","bmad/bmm/docs/glossary.md","1863d5b3b1bc90d07c0cb8c0f2c80068b8205fea5d6bb9c94008b9c5ff0043cc"
"md","horror","bmm","bmad/bmm/workflows/2-plan-workflows/gdd/game-types/horror.md","7ae5d591692bf36b014da7ca3b9683d6dfe744e9a85915bc18b8e8639122a2aa"
"md","idle-incremental","bmm","bmad/bmm/workflows/2-plan-workflows/gdd/game-types/idle-incremental.md","410e8aa9473ef6189bc550de4721336ae3a9a1a82663388a9cea2a42726bd908"
"md","index-template","bmm","bmad/bmm/workflows/document-project/templates/index-template.md","0e077c2d9d9ccb149a64ed82e67914d90571e23696687cf7a08ac5f2a8b18306"
"md","instructions","bmm","bmad/bmm/workflows/1-analysis/brainstorm-game/instructions.md","94f4c71404608f42b3166a57c16c4f75dba9ed698fa0e975a2b476222fccf5eb"
"md","instructions","bmm","bmad/bmm/workflows/1-analysis/brainstorm-project/instructions.md","3beb11d41000daae34122002dd7d58dd73e4d1486813224a48cfe7d37b7c61dd"
"md","instructions","bmm","bmad/bmm/workflows/1-analysis/domain-research/instructions.md","ae3d6b040c844ae55d221cef8b0d454668d4c6b453ef5b5fc66ad15ea7125197"
"md","instructions","bmm","bmad/bmm/workflows/1-analysis/game-brief/instructions.md","b4bddecc21c664d0777cbe384325262fcdecdba66080e04430b6c9d0a1f55804"
"md","instructions","bmm","bmad/bmm/workflows/1-analysis/product-brief/instructions.md","8ca3ab77561280c95d19456b72a706d9a8c95aab97bcfed1d2181e3266cc2ff6"
"md","instructions","bmm","bmad/bmm/workflows/2-plan-workflows/create-ux-design/instructions.md","6e55610eeb627ea45531f8002f660aa17d2d59808a671cf01148306100e03287"
"md","instructions","bmm","bmad/bmm/workflows/2-plan-workflows/prd/create-epics-and-stories/instructions.md","95f30e4ef17fa2936bdb31f85d0cfe316bbd4210b678ff19dcc73aa65922f4a6"
"md","instructions","bmm","bmad/bmm/workflows/2-plan-workflows/prd/instructions.md","81db900796107bc4ae11cde1c372a07f1958d3a236f269b4d36e64ab0ab47601"
"md","instructions","bmm","bmad/bmm/workflows/2-plan-workflows/tech-spec/instructions.md","3652d1f935d68aec938c1a4f8b536b9087ed09e7725fd5798526dda2486a3179"
"md","instructions","bmm","bmad/bmm/workflows/3-solutioning/architecture/instructions.md","d9417b85343bcb47aa278bdaf16e6ca43b7f8341cc6135c2f8041c258780e4a4"
"md","instructions","bmm","bmad/bmm/workflows/3-solutioning/solutioning-gate-check/instructions.md","23cc1bf1ea398161cc71dbf18ccb21ea89a2dd9e56639430836f4137aa8329f4"
"md","instructions","bmm","bmad/bmm/workflows/4-implementation/code-review/instructions.md","532a9971526a21d8275aaacbb797b26a5ee68c41ce970aaa2f35a16a0d21c91e"
"md","instructions","bmm","bmad/bmm/workflows/4-implementation/correct-course/instructions.md","6e7ffa49b392ccbc3cd78d41c45990081b698a702c8101ff47a9a15e02613de2"
"md","instructions","bmm","bmad/bmm/workflows/4-implementation/create-story/instructions.md","b60a0331122f78b30f44bb152547e07d6417818aabf914c9db6c5e04dd1a996c"
"md","instructions","bmm","bmad/bmm/workflows/4-implementation/dev-story/instructions.md","a53f95e7c03195edacfef8570574115edb25b898a8afdd6821601a447ada4d11"
"md","instructions","bmm","bmad/bmm/workflows/4-implementation/epic-tech-context/instructions.md","eb7f2dd5f0bdbf8d56251465b991214aefd14512ec5dcb2a764b5bfd36c97d3a"
"md","instructions","bmm","bmad/bmm/workflows/4-implementation/retrospective/instructions.md","7457ba5b1df6658054b1aa8d720aff7002640510e9391ca63a0a08f32aeee710"
"md","instructions","bmm","bmad/bmm/workflows/4-implementation/sprint-planning/instructions.md","5d1e3a2c4db33806bddabb677056c652975ee5ace5cfe591058dd4f7f3cdc836"
"md","instructions","bmm","bmad/bmm/workflows/4-implementation/story-context/instructions.md","9c55c34a2e2e8011f857cd1a9f00770ddc7e66c7763ddf822e925f84a4cdcc9c"
"md","instructions","bmm","bmad/bmm/workflows/4-implementation/story-done/instructions.md","cc1e813cb0d6f1758170e2f68ac5e5f7a432f5eb8d53fd72111843b01213ee91"
"md","instructions","bmm","bmad/bmm/workflows/4-implementation/story-ready/instructions.md","09a7402cbea72d2657f6b9c1f76ae222379e1d72239c6f31a3012ffe22fc8402"
"md","instructions","bmm","bmad/bmm/workflows/document-project/instructions.md","50b2dcdd4fff5b649dd694a73d94ca08d2afa2584c3ccb1896fe39c05cb4d45e"
"md","instructions","bmm","bmad/bmm/workflows/testarch/atdd/instructions.md","be4e111025ca3212c04cc76ae190feb9842b701137fe9ddbb6a9b80fd074e75f"
"md","instructions","bmm","bmad/bmm/workflows/testarch/automate/instructions.md","47239219a10b5807c414a3b8b909f4f92da34d03e787b1aa9b7caf428e276c81"
"md","instructions","bmm","bmad/bmm/workflows/testarch/ci/instructions.md","b49c203fadeeeffe9441e2f0a1b8302453eb863c98dae6e0dcc2778b719e7d34"
"md","instructions","bmm","bmad/bmm/workflows/testarch/framework/instructions.md","08b7b3d9117c362c8745740ef4d51d4a39ef0e8a0d0f33ebbc8f5e31f3db7864"
"md","instructions","bmm","bmad/bmm/workflows/testarch/nfr-assess/instructions.md","87a3b4c3ad2ae8b77b8fcf09778d68f66321911372c91a3741c094c8d9e5e791"
"md","instructions","bmm","bmad/bmm/workflows/testarch/test-design/instructions.md","619c7116dc31280d0c6d568521180b0d5d156dced4afe8693ad4639a7ad9c710"
"md","instructions","bmm","bmad/bmm/workflows/testarch/test-review/instructions.md","757bfec269f75e86b67c5a4855e5f49d3673577f4bc2aa94027edfd44f9a4cc0"
"md","instructions","bmm","bmad/bmm/workflows/testarch/trace/instructions.md","da09019fbde7e47b7adb75200fa30fa2effefb65f92a59c090c4b48ba4f5c761"
"md","instructions","bmm","bmad/bmm/workflows/workflow-status/init/instructions.md","4b9c859a832fb82334368b3f8e65ca0d6735addeecc870fff11cdec3ea6602f3"
"md","instructions","bmm","bmad/bmm/workflows/workflow-status/instructions.md","5a22f055fac793215611fe5da5024ac3cc4923414b7b130f716671a7519e48a1"
"md","instructions-deep-prompt","bmm","bmad/bmm/workflows/1-analysis/research/instructions-deep-prompt.md","4181e8e04ced29c997e90831b2d10193578b8bc917c378f059cc5ea73ab47a5d"
"md","instructions-gdd","bmm","bmad/bmm/workflows/2-plan-workflows/gdd/instructions-gdd.md","c1817bc1bda74aa2cab5c96c8210ba16df2c669b0fbbab3cdc64a1e1f51291ee"
"md","instructions-level0-story","bmm","bmad/bmm/workflows/2-plan-workflows/tech-spec/instructions-level0-story.md","3108ed5d803ca83b2c50b6f9d661dfee744473d35f43de074467a9dea37dd8c7"
"md","instructions-level1-stories","bmm","bmad/bmm/workflows/2-plan-workflows/tech-spec/instructions-level1-stories.md","663ef9585bdae270028681e5f5b58891696e7385c213487e78eeea62d7512417"
"md","instructions-market","bmm","bmad/bmm/workflows/1-analysis/research/instructions-market.md","ee726154fa6e619fd35fc4e89d960a91211bb92908e6d40a2f66c0532ff79542"
"md","instructions-narrative","bmm","bmad/bmm/workflows/2-plan-workflows/narrative/instructions-narrative.md","ee36a3bc282fd92f9aed428257e62badec9db8e4e5eba04b8cf32ed9c90b3ace"
"md","instructions-router","bmm","bmad/bmm/workflows/1-analysis/research/instructions-router.md","073c0eaa4e69f3e4f280505016b82387767116aeed7e54773bd324307c84f5e0"
"md","instructions-technical","bmm","bmad/bmm/workflows/1-analysis/research/instructions-technical.md","9662603001ef4e1996030e5783b97e9308505ae5afd1f885b6bf299f28715c03"
"md","market-researcher","bmm","bmad/bmm/sub-modules/claude-code/sub-agents/bmad-research/market-researcher.md","b7d82fd51b0e606005203bdf563d6dee3f23cf3beeeafc3620c59567fc49925a"
"md","metroidvania","bmm","bmad/bmm/workflows/2-plan-workflows/gdd/game-types/metroidvania.md","2faa33591d6bac3c0e8c4cafe823d94b9f5f9236a1c22d38683fdb784c156b85"
"md","moba","bmm","bmad/bmm/workflows/2-plan-workflows/gdd/game-types/moba.md","9871adb9aacf4e503f4f339e5028a30ca16916e53770038c5568eb13f961acbb"
"md","narrative-template","bmm","bmad/bmm/workflows/2-plan-workflows/narrative/narrative-template.md","e12110346082ed4cbd444fce0ba0e1cc5c074dfd72ce503f00ce4df24bbf3ef3"
"md","network-first","bmm","bmad/bmm/testarch/knowledge/network-first.md","257fe61ec77020d024f7ddf4f6c5c965f6c4632a469d942278c7337abc8621b7"
"md","nfr-criteria","bmm","bmad/bmm/testarch/knowledge/nfr-criteria.md","5d5f9acfeb6a98f2ef7ee8707bbac3ab37d9c191c443c1e944dee70cf3f9963a"
"md","nfr-report-template","bmm","bmad/bmm/workflows/testarch/nfr-assess/nfr-report-template.md","00438049a57791638941b18cb93a1d07ed2a969f5b725ac78ca77be0f06f7d54"
"md","party-game","bmm","bmad/bmm/workflows/2-plan-workflows/gdd/game-types/party-game.md","7de09c182571046e25d2f4c4bdaa8a1dd2a96c8a50606bcf253ed8ba370ddae1"
"md","party-mode","bmm","bmad/bmm/docs/party-mode.md","1182db8cafd83fae4adf35661322f2b79dbdbde31b9d084cd3fca6d76de69b6f"
"md","pattern-detector","bmm","bmad/bmm/sub-modules/claude-code/sub-agents/bmad-analysis/pattern-detector.md","8ebbb124bf6f1f2eda553fd4a84d181dae7153fce8bf394e88a94b71475e98de"
"md","playwright-config","bmm","bmad/bmm/testarch/knowledge/playwright-config.md","0aad9401ce1f701925ba05f9bf6ff66c13fdf5d797593486de9d0e74a74cf9cd"
"md","pm","bmm","bmad/bmm/agents/pm.md","a6474655d291db18527ee1f600b40a0de93726cf273fae5b5b50cdfc5318abc3"
"md","prd-template","bmm","bmad/bmm/workflows/2-plan-workflows/prd/prd-template.md","b888763598245920d470adbe0a958c0b94d1b10a52ce893987042bc1b918e283"
"md","probability-impact","bmm","bmad/bmm/testarch/knowledge/probability-impact.md","c582f4e681758b8c84ca2de003aa7133913326ac2c398b6c0e802914919b8333"
"md","project-context","bmm","bmad/bmm/workflows/1-analysis/brainstorm-project/project-context.md","5c3096f17fa77bc16380fccbb7c6ab1d1702913057430b9edb7efe50e138b489"
"md","project-overview-template","bmm","bmad/bmm/workflows/document-project/templates/project-overview-template.md","fd1ae5724b19829feb79245b5249c3ebf3cee30d07776939d87c7563e5bf76fd"
"md","puzzle","bmm","bmad/bmm/workflows/2-plan-workflows/gdd/game-types/puzzle.md","0e127487feb570735f166a7e51ecbdd69d7cb7de73439c62ef5e87b6e5b6b8f9"
"md","quick-spec-flow","bmm","bmad/bmm/docs/quick-spec-flow.md","0ea275a2ed8b4e0eadbe6511ee75959dc4f9c707dfa4e9b831c33590118cd694"
"md","quick-start","bmm","bmad/bmm/docs/quick-start.md","9298b13f663d449fe050bf3e20302164bca551aaaa1a7fb2a23d5a2145d30781"
"md","racing","bmm","bmad/bmm/workflows/2-plan-workflows/gdd/game-types/racing.md","e2c21ad6ae9bfdf1a309dc5a3ba3390dfb7de9a98bdfb4d7723e2c04750c9878"
"md","readme","bmm","bmad/bmm/sub-modules/claude-code/readme.md","f7df4488ca699e1613f4ffe34a5a5ab6ef2108bcbc1c127646968237e98cb6b8"
"md","README","bmm","bmad/bmm/docs/README.md","80a95b3362d03aa73188ecb24588aca60b19836c80297977a73177989719bd3c"
"md","README","bmm","bmad/bmm/README.md","b997914848293c10faa7ef29adabb1af511c66d2a3e1968895d5bfd30384bd8b"
"md","requirements-analyst","bmm","bmad/bmm/sub-modules/claude-code/sub-agents/bmad-planning/requirements-analyst.md","ca413c0982f294816455e85c8e8440e96017f46f2928608f33e4f84b06fd93ad"
"md","rhythm","bmm","bmad/bmm/workflows/2-plan-workflows/gdd/game-types/rhythm.md","099462e504db8de6fe4e6176a2e0667a2beb3700147d733a4e5a44f7aba4d9d1"
"md","risk-governance","bmm","bmad/bmm/testarch/knowledge/risk-governance.md","970d014bb18d273f36bd16f4f2faa4ecae653b54928eddb473a499954ed9c074"
"md","roguelike","bmm","bmad/bmm/workflows/2-plan-workflows/gdd/game-types/roguelike.md","13db5439305b6f8c5a985839552326ca0da359d861251b10f7585b7f123a848c"
"md","rpg","bmm","bmad/bmm/workflows/2-plan-workflows/gdd/game-types/rpg.md","861d9a803a43e4b95f048a0ff274ef56dbbfb8d83fea696237814731ae13e4f4"
"md","sandbox","bmm","bmad/bmm/workflows/2-plan-workflows/gdd/game-types/sandbox.md","404b16e49aefdeda1e022a07fb680a1584c0e1a00ddda003e80eab748e01d270"
"md","scale-adaptive-system","bmm","bmad/bmm/docs/scale-adaptive-system.md","3baee24a82deef5eb9fa7a2a46ec4cec65d56359591c32db171625326b3f8f2f"
"md","selective-testing","bmm","bmad/bmm/testarch/knowledge/selective-testing.md","abe5316924696e5a7dbb68a345b01072ca13894c8d09cd5f77bfe509a7276b5b"
"md","selector-resilience","bmm","bmad/bmm/testarch/knowledge/selector-resilience.md","27017332dd7d25c86ef39bbf8aec4ace89ee05bed56b6fdae639078c9e725d15"
"md","shooter","bmm","bmad/bmm/workflows/2-plan-workflows/gdd/game-types/shooter.md","185d8722cf25471768440921b7b5bdca8bf58464358bd50556811fa0746e3e0c"
"md","simulation","bmm","bmad/bmm/workflows/2-plan-workflows/gdd/game-types/simulation.md","bbb0c3dd09cb4289c2d297aeb49d1b0261151037dd8728fddee8ab7683bfc995"
"md","sm","bmm","bmad/bmm/agents/sm.md","0b16a0810b8085b02a5eb0dd42caa494fa7169be514f0a08bf4643d302cb2beb"
"md","source-tree-template","bmm","bmad/bmm/workflows/document-project/templates/source-tree-template.md","f0094b1e0a9770c8c408b86f978b660c253fe99affcf2b67e1cf7aa9b40e74cb"
"md","sports","bmm","bmad/bmm/workflows/2-plan-workflows/gdd/game-types/sports.md","f2f582cd89412e803f9714e5f44ee9854ed2d1a2debd588900fc1792756057b7"
"md","strategy","bmm","bmad/bmm/workflows/2-plan-workflows/gdd/game-types/strategy.md","3b453b6e3a70d65ec2428bf53195edcb5c3f194341110f4034d55c9707fac65d"
"md","survival","bmm","bmad/bmm/workflows/2-plan-workflows/gdd/game-types/survival.md","524f50b6929bab7b10dbcc2437002cb79139188594e6d17ceb7abecd76e8b295"
"md","tea","bmm","bmad/bmm/agents/tea.md","55826f4904dd6f373163deb16920a47ab86927171c95ba564e8ee3f9abf715e0"
"md","tech-debt-auditor","bmm","bmad/bmm/sub-modules/claude-code/sub-agents/bmad-research/tech-debt-auditor.md","76182176ac024ec31d66017978658352bf7d8250c741ff2eaac632c995670baf"
"md","tech-spec-template","bmm","bmad/bmm/workflows/2-plan-workflows/tech-spec/tech-spec-template.md","d70ab12e409e56374871333f8b203d7474ad2202198d8216a11f63f89ee49111"
"md","tech-writer","bmm","bmad/bmm/agents/tech-writer.md","da46ffd48af407b012f41a19289bd90b0b48688b89d14f48ae958cbbcd6ed225"
"md","technical-decisions-curator","bmm","bmad/bmm/sub-modules/claude-code/sub-agents/bmad-planning/technical-decisions-curator.md","6d244291bff69d1207c60f0fb8272c43a26537b4d291c4045970bd5aaafc4946"
"md","technical-evaluator","bmm","bmad/bmm/sub-modules/claude-code/sub-agents/bmad-review/technical-evaluator.md","abf1f497d2d82c29931f781067659a03e20574e8050e8c688f22f03c191cc9bc"
"md","template","bmm","bmad/bmm/workflows/1-analysis/domain-research/template.md","bad7269463d7cf8a7ccfa3487c5f25b9d95f9d7b982833d39dd871562f162a90"
"md","template","bmm","bmad/bmm/workflows/1-analysis/game-brief/template.md","f2c83b06e8e403bb946de0bed6e4245c66e3b0202d9790432f56319cb8b661be"
"md","template","bmm","bmad/bmm/workflows/1-analysis/product-brief/template.md","c1a5385f4e65fa031edfa9b7b4eb9489b8e022ae55857f9bf71c42d96cce4b19"
"md","template","bmm","bmad/bmm/workflows/3-solutioning/solutioning-gate-check/template.md","b085e111a25e813f6389e73d17e99adcc313c8022a452ade25c061a9c2d30360"
"md","template","bmm","bmad/bmm/workflows/4-implementation/create-story/template.md","d6985b05178ce3e4ac140e9cccda0e5b2a8cf07893e4ce5aed51c9f7434350ad"
"md","template","bmm","bmad/bmm/workflows/4-implementation/epic-tech-context/template.md","5b408e7d50056e91e2a27d8508f7c3b2bec11123c4b16a508cdad8137d56c09b"
"md","template-deep-prompt","bmm","bmad/bmm/workflows/1-analysis/research/template-deep-prompt.md","6d28b09e81f041f59a82d6dbefc8a8f3d7d69493c94d51cc63c31573397c5f2b"
"md","template-market","bmm","bmad/bmm/workflows/1-analysis/research/template-market.md","75e45d3188493e3b28c250e1f0e4f65521e2f04bf35d8653fbccca26186c3db5"
"md","template-technical","bmm","bmad/bmm/workflows/1-analysis/research/template-technical.md","dca73db078bf7f950533e87b0b4b0e9fde1eddf4bca479df0d3f45eab13fcb0e"
"md","test-architecture","bmm","bmad/bmm/docs/test-architecture.md","9661156fe03686d4da70204ce104b6d9c00fd067cf86dd08d0a0ccee89461ab3"
"md","test-coverage-analyzer","bmm","bmad/bmm/sub-modules/claude-code/sub-agents/bmad-review/test-coverage-analyzer.md","b024bbc7ab909eb70c8af6f56728a151fa263b8d3cd6c2bffb7643a39a8bc8de"
"md","test-design-template","bmm","bmad/bmm/workflows/testarch/test-design/test-design-template.md","20c34e6e25334036262168d23726eba8f0160a3230e7f572ece068bc9c013828"
"md","test-healing-patterns","bmm","bmad/bmm/testarch/knowledge/test-healing-patterns.md","34f05dc40b5ead05d9c68299cb1a46f819338a4c8c928ab550a593e17f2b5464"
"md","test-levels-framework","bmm","bmad/bmm/testarch/knowledge/test-levels-framework.md","5397ad467351c55a6c8ee0d7f2fc6fce3d123a0bee35c01af0f71aa90d8bd0ea"
"md","test-priorities-matrix","bmm","bmad/bmm/testarch/knowledge/test-priorities-matrix.md","9f026da4038166ce8c3cc8aaedc9ca32b99eae75a053d5301c07bc53442a7788"
"md","test-quality","bmm","bmad/bmm/testarch/knowledge/test-quality.md","01552faa4496926c4e4badf03ff7c0b17fbf3e5647c3a79348c6e4932602955e"
"md","test-review-template","bmm","bmad/bmm/workflows/testarch/test-review/test-review-template.md","e415ff04456a35f56d13c631eacdcc9e7e2a0f0f9678dddc0b035fe09b52b200"
"md","text-based","bmm","bmad/bmm/workflows/2-plan-workflows/gdd/game-types/text-based.md","96c1d8cd99377cbebb873c5d660534f7fbfb848f503511eb24a25fe1e25ab4bf"
"md","timing-debugging","bmm","bmad/bmm/testarch/knowledge/timing-debugging.md","74304e8e924f1ae21be4edcdea149442a8ee1d5ad23a5388dc32c0cf3f8135e7"
"md","tower-defense","bmm","bmad/bmm/workflows/2-plan-workflows/gdd/game-types/tower-defense.md","c53a3bcb028d93bede1926d4c4b32a84321fe0ab5238974fe855e86631030b70"
"md","trace-template","bmm","bmad/bmm/workflows/testarch/trace/trace-template.md","f07d3dfde1a75b7e3d574d8c4b95e738b5a2552e3fad89b4741c371141ea0fc4"
"md","trend-spotter","bmm","bmad/bmm/sub-modules/claude-code/sub-agents/bmad-planning/trend-spotter.md","e3d4281fb8c9729562e36430f082d2d85f77156c4ab3b0aca9aa26323010e7ae"
"md","troubleshooting","bmm","bmad/bmm/docs/troubleshooting.md","a2f51b4f232646a1035187ea481b06f38176971326a2fbc722125682fe8a54b8"
"md","turn-based-tactics","bmm","bmad/bmm/workflows/2-plan-workflows/gdd/game-types/turn-based-tactics.md","5438cbf5fc800facfe724651821ba851231ccb1e26cd83ab658ead9a012c695d"
"md","user-journey-mapper","bmm","bmad/bmm/sub-modules/claude-code/sub-agents/bmad-planning/user-journey-mapper.md","33195c92ece40f024501a7607ff14b5c648394df0dee41f7ba849e618b9a07b6"
"md","user-researcher","bmm","bmad/bmm/sub-modules/claude-code/sub-agents/bmad-planning/user-researcher.md","93db9982168616a80833d56bf7b6f330955058b5d072a2b0775a63fda8e0c0c5"
"md","user-story-template","bmm","bmad/bmm/workflows/2-plan-workflows/tech-spec/user-story-template.md","516d73775b36662d13610b712a3ce1c4efb41453ffff5629f1a02797fd45eadc"
"md","ux-design-template","bmm","bmad/bmm/workflows/2-plan-workflows/create-ux-design/ux-design-template.md","841314dbe03adb697dc4acbeccc0efa54d3040d821d6d8d0d563d9c2b250d349"
"md","ux-designer","bmm","bmad/bmm/agents/ux-designer.md","8f0782a16ac6390a54dd84b7153547e8de11ca813ee1b30004cd33b0fbb1bd9c"
"md","visual-debugging","bmm","bmad/bmm/testarch/knowledge/visual-debugging.md","c61f70d5f7eb3bb15e34484b874554672c3d78004b70a0eeb9f713abdd520e1f"
"md","visual-novel","bmm","bmad/bmm/workflows/2-plan-workflows/gdd/game-types/visual-novel.md","c069fdf5a0bc18a129cf4ce1362e1b67b627943a0e40bdf46730e92202ea797a"
"md","workflow-architecture-reference","bmm","bmad/bmm/docs/workflow-architecture-reference.md","d9dcde27ef97394288c0a26287493daf8e4ce918960807235fcbb79eecf24954"
"md","workflow-document-project-reference","bmm","bmad/bmm/docs/workflow-document-project-reference.md","02da27c4f75602b821b886b0471eb328f78d2504aa6c73d79ab25b7a4695c3a3"
"md","workflows-analysis","bmm","bmad/bmm/docs/workflows-analysis.md","c983ebb2e4c1bf69b44dd6794a5f4f71b4dafa7d7729bb055e6738c1a0191024"
"md","workflows-implementation","bmm","bmad/bmm/docs/workflows-implementation.md","1d54a3ead38a476f531a1a05f0d9cbee1f0d7efd9d0336b9971d10abd9c3feec"
"md","workflows-planning","bmm","bmad/bmm/docs/workflows-planning.md","aff7a64d04fb1e132df34ffd6fae9edbbf1f381189564d54e3b357fec962c838"
"md","workflows-solutioning","bmm","bmad/bmm/docs/workflows-solutioning.md","4437d25c690f2a5af51160ef3a0f82d1d089cdcffe984f33f89b49b2c320bae5"
"xml","context-template","bmm","bmad/bmm/workflows/4-implementation/story-context/context-template.xml","ba8cc1e91e85a15e4e98ad5ada65ec21cdb50b9dcb28ac69b553d485b44a1953"
"xml","daily-standup","bmm","bmad/bmm/tasks/daily-standup.xml","31b6eafeba10170ac60bfaa7119d8e6ebee795805e9f0a3099f4990b48f003fa"
"yaml","analyst.agent","bmm","bmad/bmm/agents/analyst.agent.yaml",""
"yaml","architect.agent","bmm","bmad/bmm/agents/architect.agent.yaml",""
"yaml","architecture-patterns","bmm","bmad/bmm/workflows/3-solutioning/architecture/architecture-patterns.yaml","f66c7d01c6fa10a8ba205a4b1f617baa52c7ea775065a264c901ebb23eabe4ca"
"yaml","config","bmm","bmad/bmm/sub-modules/claude-code/config.yaml","4126eb5bac7b906374782be0e93cbc249ed521ef1c0f0af328076eba857267b4"
"yaml","config","bmm","bmad/bmm/config.yaml","7e303dcbfdbe907e36dadfde9456d762b6b51d1b49473ca634c7baf89f4d520e"
"yaml","decision-catalog","bmm","bmad/bmm/workflows/3-solutioning/architecture/decision-catalog.yaml","6e8e7b5ada527e0b08b1118385be77d118fecb16bc22c2f25b9d179b72e3172b"
"yaml","deep-dive","bmm","bmad/bmm/workflows/document-project/workflows/deep-dive.yaml","7eb3295a3c94867141482c9ea169ffe9d53ca1c97654cffc03a67a61b8650186"
"yaml","dev.agent","bmm","bmad/bmm/agents/dev.agent.yaml",""
"yaml","enterprise-brownfield","bmm","bmad/bmm/workflows/workflow-status/paths/enterprise-brownfield.yaml","bcc8a5e6c69a91c9049d098c0fd60bf5a6c59ae4154f4c0bc8a3f3ac045f9a7b"
"yaml","enterprise-greenfield","bmm","bmad/bmm/workflows/workflow-status/paths/enterprise-greenfield.yaml","7762e7aa4f370bc0fb169efb32f54c25e5a5566ddadc52ba029a69221d06b5e7"
"yaml","full-scan","bmm","bmad/bmm/workflows/document-project/workflows/full-scan.yaml","b393981ac25c77fc051c435b1a5ff94b9b65917b667619b2074e60562f037ebe"
"yaml","game-architect.agent","bmm","bmad/bmm/agents/game-architect.agent.yaml",""
"yaml","game-design","bmm","bmad/bmm/workflows/workflow-status/paths/game-design.yaml","e2946a8d5ace0ad022f4fba15535f2d9abb67a315f4e40d771b54ce3df4a20d8"
"yaml","game-designer.agent","bmm","bmad/bmm/agents/game-designer.agent.yaml",""
"yaml","game-dev.agent","bmm","bmad/bmm/agents/game-dev.agent.yaml",""
"yaml","github-actions-template","bmm","bmad/bmm/workflows/testarch/ci/github-actions-template.yaml","67b82b70b5b8a9b6bb2dd939ba8b9083f9ce820a4852c791ee990cd680daedc7"
"yaml","gitlab-ci-template","bmm","bmad/bmm/workflows/testarch/ci/gitlab-ci-template.yaml","eca2506e94776c38bca3cb0a8191c8b920af7bdae75d709a04fcccc190b6a66c"
"yaml","injections","bmm","bmad/bmm/sub-modules/claude-code/injections.yaml","f80f6f83ac5da262e165412f45469fbd66e6ca80c36558e478b96079151ccf9d"
"yaml","injections","bmm","bmad/bmm/workflows/1-analysis/research/claude-code/injections.yaml","77c0388a3c0491a2b0dcfd6b2ad4794caace361e17655accae33ac8380834727"
"yaml","method-brownfield","bmm","bmad/bmm/workflows/workflow-status/paths/method-brownfield.yaml","425cfd272a90d0cfd19ade28232f34bdc4662119ee86a3f7238efde084559034"
"yaml","method-greenfield","bmm","bmad/bmm/workflows/workflow-status/paths/method-greenfield.yaml","853e83bafcafba17885696a396e3255c6d9c6ba279d9dc420d22404406f16b4f"
"yaml","pm.agent","bmm","bmad/bmm/agents/pm.agent.yaml",""
"yaml","project-levels","bmm","bmad/bmm/workflows/workflow-status/project-levels.yaml","e206829ccd17006c8cbd573a8c6c1aa48451e31d6befce7215bd5b686bb46c43"
"yaml","quick-flow-brownfield","bmm","bmad/bmm/workflows/workflow-status/paths/quick-flow-brownfield.yaml","c8138c60dedffd34d940ad6d2fc233d53adaa72b4a5398f8d8b0140587ad0605"
"yaml","quick-flow-greenfield","bmm","bmad/bmm/workflows/workflow-status/paths/quick-flow-greenfield.yaml","68241a68518d1cf121d837e9ba360feea589c92eeccaae141f1e38e857b6f26a"
"yaml","sample-level-3-workflow","bmm","bmad/bmm/workflows/workflow-status/sample-level-3-workflow.yaml","ea1bfd4bbeb42b516b83368dc65e52059b6cd91522ab3b3232a66f55ee29a2b0"
"yaml","sm.agent","bmm","bmad/bmm/agents/sm.agent.yaml",""
"yaml","sprint-status-template","bmm","bmad/bmm/workflows/4-implementation/sprint-planning/sprint-status-template.yaml","5fbde94dfd727e382fe34d1ad4566cfc2272213d699d53447fc8e98fc135c131"
"yaml","tea.agent","bmm","bmad/bmm/agents/tea.agent.yaml",""
"yaml","team-fullstack","bmm","bmad/bmm/teams/team-fullstack.yaml","3483409f166238c46bbb5bd11651cce9878a9b47ae80bff355677b2d7349148f"
"yaml","team-gamedev","bmm","bmad/bmm/teams/team-gamedev.yaml","117b98cc4bab69e38a953cfb41174a9d89a1dbfa7901b448d0f1831a1ed73d96"
"yaml","tech-writer.agent","bmm","bmad/bmm/agents/tech-writer.agent.yaml",""
"yaml","ux-designer.agent","bmm","bmad/bmm/agents/ux-designer.agent.yaml",""
"yaml","validation-criteria","bmm","bmad/bmm/workflows/3-solutioning/solutioning-gate-check/validation-criteria.yaml","4ac0c2b9f130b6ea633de2778b7c973976a133928f72a8abd5df48e7249c933a"
"yaml","workflow","bmm","bmad/bmm/workflows/1-analysis/brainstorm-game/workflow.yaml","e0bc60e28c7d590d8148be827f34135e1d715cd501cfce6433eb727ed6588d04"
"yaml","workflow","bmm","bmad/bmm/workflows/1-analysis/brainstorm-project/workflow.yaml","f044d3c8fd22b0740ba351820037a7cdf2fb7b7438823693dc8c787309e8a9eb"
"yaml","workflow","bmm","bmad/bmm/workflows/1-analysis/domain-research/workflow.yaml","5aef7837de9367bdc0f9c2ca7985a86598b61ec0b14989cd8937e0e2f0e0ff88"
"yaml","workflow","bmm","bmad/bmm/workflows/1-analysis/game-brief/workflow.yaml","c5cb00f51483c390d6c9f4da1eb32458479a7984e0cf273ddfac389f9e9093e3"
"yaml","workflow","bmm","bmad/bmm/workflows/1-analysis/product-brief/workflow.yaml","16d6f9cfad2186f44c77eef8883de292f36ae63d1dc3a3cb1b64f2fad830f36f"
"yaml","workflow","bmm","bmad/bmm/workflows/1-analysis/research/workflow.yaml","7f193507cdb3c3b4ceecd7e4061f4c520b3bb78207bcc61c676e9801e495c740"
"yaml","workflow","bmm","bmad/bmm/workflows/2-plan-workflows/create-ux-design/workflow.yaml","73155756ab59bc542a488d03074cb800b080775b7d5c6fd03fc74c3e4f208907"
"yaml","workflow","bmm","bmad/bmm/workflows/2-plan-workflows/gdd/workflow.yaml","17cfdc86c5e493d9036021011b6a19aee92a242fca7308d50e6746828d34aff3"
"yaml","workflow","bmm","bmad/bmm/workflows/2-plan-workflows/narrative/workflow.yaml","82bad8a6397edffa8efc1ba890b4eb155a69e5aa3e3036b8993ec7aecf114f7f"
"yaml","workflow","bmm","bmad/bmm/workflows/2-plan-workflows/prd/create-epics-and-stories/workflow.yaml","240686a8890f75d9a7ddcf542e6e434d83be559686e691cfa15240c6a6dfabf3"
"yaml","workflow","bmm","bmad/bmm/workflows/2-plan-workflows/prd/workflow.yaml","42d900faff894e46e3dfa84968f6f2775e285b18086b87e04d85487ce2fae15b"
"yaml","workflow","bmm","bmad/bmm/workflows/2-plan-workflows/tech-spec/workflow.yaml","6f1443120e17624e73efa9227f866f97e37b9f7a2644405de90169ce75e0d64d"
"yaml","workflow","bmm","bmad/bmm/workflows/3-solutioning/architecture/workflow.yaml","0fcce086dfaf6d82769babace2e0a347b22af37b8129b402a2944c767506640d"
"yaml","workflow","bmm","bmad/bmm/workflows/3-solutioning/solutioning-gate-check/workflow.yaml","75f5cb611fe27cf32e0d626973cb6d5ca2a26384d00f1b651769d570b0dc870b"
"yaml","workflow","bmm","bmad/bmm/workflows/4-implementation/code-review/workflow.yaml","574e5f0b4c2ae096512a3f376da4bb0e0f7cea46de21127062151a3811f959d9"
"yaml","workflow","bmm","bmad/bmm/workflows/4-implementation/correct-course/workflow.yaml","178f0a696aae885017a24666ef7e4303659217ce5d7dc235f32b44d3e49ef1e5"
"yaml","workflow","bmm","bmad/bmm/workflows/4-implementation/create-story/workflow.yaml","fa478c403943493483d49b3cbb9fd0d152c0af7c3523e0b2549db86cd2d31e88"
"yaml","workflow","bmm","bmad/bmm/workflows/4-implementation/dev-story/workflow.yaml","f84080f8c9f6f521f8a9d0edd216a6a4578b865817b810be0352124cb74fe8ef"
"yaml","workflow","bmm","bmad/bmm/workflows/4-implementation/epic-tech-context/workflow.yaml","d73773c24f04423d4d0c8a6b6dbcd2b20f52166652f1efd2afb08a0a45a0a2da"
"yaml","workflow","bmm","bmad/bmm/workflows/4-implementation/retrospective/workflow.yaml","6e585f0a42156b29f1db335aeac8f7969e4f9f15aa2036eaa2ead7dc3035b48b"
"yaml","workflow","bmm","bmad/bmm/workflows/4-implementation/sprint-planning/workflow.yaml","7d30f80fa4dab9dc8a367cc242caec0489520237a5c183fddb789a8c6e67e326"
"yaml","workflow","bmm","bmad/bmm/workflows/4-implementation/story-context/workflow.yaml","66e89d03214e9473ca82cea592f9caf7edc18fef4a8afa9b3aa2717e75afa125"
"yaml","workflow","bmm","bmad/bmm/workflows/4-implementation/story-done/workflow.yaml","767cc10607387c508857fc78b7adacc5a8a95437096945fdf500ad970ca89db7"
"yaml","workflow","bmm","bmad/bmm/workflows/4-implementation/story-ready/workflow.yaml","3490a0fff7bd415d846b1afb863abceae62ddacbc58793a1f5e90aede5d45add"
"yaml","workflow","bmm","bmad/bmm/workflows/document-project/workflow.yaml","a2dbdc8b75040b341a16cda5a1a733b588d93cc6afad65f18ef67287d87f1184"
"yaml","workflow","bmm","bmad/bmm/workflows/testarch/atdd/workflow.yaml","49995047bc8c2469419ed871ad1fab03827e3cc08aabddf7ba39c4c723e54024"
"yaml","workflow","bmm","bmad/bmm/workflows/testarch/automate/workflow.yaml","f866870ac811ef36e3b0ded22050459b440478c73c1897b2fc62df22a62afb5e"
"yaml","workflow","bmm","bmad/bmm/workflows/testarch/ci/workflow.yaml","da424d0dfd05c52d21a75f7a646b3a98b3002cfbbf72e4a648c7d89a2a1a8aba"
"yaml","workflow","bmm","bmad/bmm/workflows/testarch/framework/workflow.yaml","705c5844589a9492a81bce80c69bb35b6d47b74348a48067c6ce35aedd3ec232"
"yaml","workflow","bmm","bmad/bmm/workflows/testarch/nfr-assess/workflow.yaml","1c6784b4c01740ffc9c4b12da4876d249aa7f8a85175d661d68d068ad715d2bc"
"yaml","workflow","bmm","bmad/bmm/workflows/testarch/test-design/workflow.yaml","05507a8ba7ec292485a41e255e8d4dc7828401d5781e5352b61ca895687bab13"
"yaml","workflow","bmm","bmad/bmm/workflows/testarch/test-review/workflow.yaml","77d091f862621c88b834b444f1ffacca606711495e6184f3a1ff719d311f435b"
"yaml","workflow","bmm","bmad/bmm/workflows/testarch/trace/workflow.yaml","e25f5ca32f89efc2165771faa84302850111314a46e04c042e4f34e3fdfd1358"
"yaml","workflow","bmm","bmad/bmm/workflows/workflow-status/init/workflow.yaml","d4e6f6f8e5e675b490755bd3c5310f10a9af41aa077aa383346248ac273b77f1"
"yaml","workflow","bmm","bmad/bmm/workflows/workflow-status/workflow.yaml","7464ded7b27b87039013d0cab924ab9ae7da931d029c6b75e5c352ef41a62b13"
"yaml","workflow-status-template","bmm","bmad/bmm/workflows/workflow-status/workflow-status-template.yaml","15ea3c93ff2c0390bf6a7bb289a4ec0df48b6542f31010f2c19fde6868601153"
"csv","design-methods","cis","bmad/cis/workflows/design-thinking/design-methods.csv","97a1fa87aaa355ce855c2c4e3bbfde59cb4ed2166cf9896496af786f10c13459"
"csv","innovation-frameworks","cis","bmad/cis/workflows/innovation-strategy/innovation-frameworks.csv","bd1d191062302353d2562a54751f8f263ce47e143202e2c0fe41315c2be9eb95"
"csv","solving-methods","cis","bmad/cis/workflows/problem-solving/solving-methods.csv","f3a380b12b21ec2410d1ac44bc8ca1970b0a04a21bfe3dd0370ac7ed1ec0d2c0"
"csv","story-types","cis","bmad/cis/workflows/storytelling/story-types.csv","8cf3d49d3ce771f30b6d9c0c936d35f92b8af23e0962c876df832c02d605f1ce"
"md","brainstorming-coach","cis","bmad/cis/agents/brainstorming-coach.md","89d707385fbf9126ff6e42c9e8647d0189e3e1c8f51356f4e20ddd48f28320c4"
"md","creative-problem-solver","cis","bmad/cis/agents/creative-problem-solver.md","d3c15e8380aa775f03fe406b4c08ec10af3f15f22b86779b90c8c0577a3c62d6"
"md","design-thinking-coach","cis","bmad/cis/agents/design-thinking-coach.md","05fa18fd095494d9cce0697bda1e4d5e40eb57d7bae1a551b3838ca14d52429b"
"md","innovation-strategist","cis","bmad/cis/agents/innovation-strategist.md","4275e00667ac921d09a3afc90ea87bcb11a28fc25c5b8853a1227036ea1337b4"
"md","instructions","cis","bmad/cis/workflows/design-thinking/instructions.md","3b1fab396a71d3661d58daf34da39eb87c748440a02800f7a5ddfab469d0fa5e"
"md","instructions","cis","bmad/cis/workflows/innovation-strategy/instructions.md","384e7a4b59c9650cd0015cbb296f9adf355cbb35cc897f0481141aa099e00256"
"md","instructions","cis","bmad/cis/workflows/problem-solving/instructions.md","f39e8289d0fffa154c21abf49d11e47a7a4dbc2cb629788db5cc115ad0025e5e"
"md","instructions","cis","bmad/cis/workflows/storytelling/instructions.md","00bb6ecb698a4c136627f3ed3ee3e53ed847a7b07ef1a969fe47e3fb7da0c742"
"md","readme","cis","bmad/cis/readme.md","fed450d18ac30773777ab9c02fc1ab7453f362a9cb0670bb33b0496362f8bcd0"
"md","README","cis","bmad/cis/agents/README.md","90741dec9a5478aa3bb84f574c32840c95b2ae327814d930fcd1ce0918f76a36"
"md","README","cis","bmad/cis/workflows/design-thinking/README.md","c6eab6e3fe96a97731cc2b7d8d6ea20f5a9664d19f03fc5b2b34e1ac8952142e"
"md","README","cis","bmad/cis/workflows/innovation-strategy/README.md","88ab818502bf35c3e99eb8e277aa10244834b013913ecebd1de1449e54944650"
"md","README","cis","bmad/cis/workflows/problem-solving/README.md","1eb1bb254b197817249d53af6241cc8af5d9b324e6420eecb53c646ac1ffff8f"
"md","README","cis","bmad/cis/workflows/README.md","0bdf8ad2bb92ae4196c75b9959ecaad00c1e9d56719bb15b8c5c38f5fb6d7699"
"md","README","cis","bmad/cis/workflows/storytelling/README.md","c82b12133c5057c546c96432d574aa035ab1446178f9c64d247cdda9e1e2bfe4"
"md","storyteller","cis","bmad/cis/agents/storyteller.md","2919b6d874c21f69212e878d025afaa0152779814c9dd9a2ef0253ee2c86b4b8"
"md","template","cis","bmad/cis/workflows/design-thinking/template.md","7bcf6d0cd09de3c0d91f3f49ee280177365dabb64ed814b97e83e73082643c37"
"md","template","cis","bmad/cis/workflows/innovation-strategy/template.md","38dbdadc7d36fcac61fc5e1c020b402d056cf96910c0702e5097c7634e787c21"
"md","template","cis","bmad/cis/workflows/problem-solving/template.md","c46fbdf42a1d9ad732f562e4add05020198ffc7ba18d134718e1cd960752c390"
"md","template","cis","bmad/cis/workflows/storytelling/template.md","290615dbd530dc13843a87ebedd107b390bcfd57cf68df67cd250dea8f49b2dd"
"yaml","brainstorming-coach.agent","cis","bmad/cis/agents/brainstorming-coach.agent.yaml",""
"yaml","config","cis","bmad/cis/config.yaml","5d53310a42b5e5a874f345d26ba3e6a8232e25be21ae65b8eecfe42baf045a2f"
"yaml","creative-problem-solver.agent","cis","bmad/cis/agents/creative-problem-solver.agent.yaml",""
"yaml","creative-squad","cis","bmad/cis/teams/creative-squad.yaml","3aa63ba91b78e6d17c25aebf1245f9810138e3f0036ccbb5d6d7a8266065489b"
"yaml","design-thinking-coach.agent","cis","bmad/cis/agents/design-thinking-coach.agent.yaml",""
"yaml","innovation-strategist.agent","cis","bmad/cis/agents/innovation-strategist.agent.yaml",""
"yaml","storyteller.agent","cis","bmad/cis/agents/storyteller.agent.yaml",""
"yaml","workflow","cis","bmad/cis/workflows/design-thinking/workflow.yaml","30abdc67caf3f4ae1a57bd0faa23e4197160f0b0464df0f8318af9c1de4ee234"
"yaml","workflow","cis","bmad/cis/workflows/innovation-strategy/workflow.yaml","a4daa2930fb951a2bb48e40550a63570a8559de427cee697e8d2bb0584851acb"
"yaml","workflow","cis","bmad/cis/workflows/problem-solving/workflow.yaml","cc8ec16bc5ad5b753f129f2674f0a5a3bf97fc1d1849fe76d427d77c5884b085"
"yaml","workflow","cis","bmad/cis/workflows/storytelling/workflow.yaml","2ba64c2e5720f8860cf5aab81525dc6db33ca798b3e7fd03f6f8dc0c18426694"
"csv","adv-elicit-methods","core","bmad/core/tasks/adv-elicit-methods.csv","465346876d28b6231f21821f0c85bcc5b35b951d48897aaa3b040b35ca7921e5"
"csv","brain-methods","core","bmad/core/workflows/brainstorming/brain-methods.csv","caf4b24a02b3b83acb2ad5b63d69e543bf11e60d68e5f28d2033de489b1c9358"
"md","bmad-master","core","bmad/core/agents/bmad-master.md","2bcfdcb96b890bfaf2c44f06ac1368f0be15ae69713a7b4adb3da18fd0f3e43a"
"md","instructions","core","bmad/core/workflows/brainstorming/instructions.md","bb78e6995115a6a5407cfd7ad664c58f05ac2f41b860c375658c999f4a5ab772"
"md","instructions","core","bmad/core/workflows/party-mode/instructions.md","60aea23ec54362b2d22135089579cec94ae8d9e1d25ff1aa9537eb05b6ba464f"
"md","README","core","bmad/core/workflows/brainstorming/README.md","a264dd2a87ece7f2cbd9da33478cc5ec18f1381ca73d53beaaa9ec3680b95fab"
"md","template","core","bmad/core/workflows/brainstorming/template.md","b7a918bfe41650cb39a27e1eec4654e947407c605f28f3305c751055d2c4b413"
"xml","adv-elicit","core","bmad/core/tasks/adv-elicit.xml","9c280b15e13757f2fda5ebcd31fb9308110746280d6f88891316966baaa3c791"
"xml","bmad-web-orchestrator.agent","core","bmad/core/agents/bmad-web-orchestrator.agent.xml","46c3e84d0873f8502c84da22401206e31c8479c0838f52db54e77232e90d78ad"
"xml","index-docs","core","bmad/core/tasks/index-docs.xml","6dd438c69f159f6209969dc8bb69a1daf30ad632ad15785f7bcab5cabd11eeac"
"xml","shard-doc","core","bmad/core/tools/shard-doc.xml","64f30a1f3548005e047ea72236d7aa7867a7f7b719e3a1b77638e7de63f624d2"
"xml","validate-workflow","core","bmad/core/tasks/validate-workflow.xml","d69fc55fbe4275cce847bb3d2655b9a57adb932515e28fb8738f6a448f52bf74"
"xml","workflow","core","bmad/core/tasks/workflow.xml","f5c14b059dddbdfc79d8eb77407d52e3083baed10eaadcdfaec9115b85c02226"
"yaml","bmad-master.agent","core","bmad/core/agents/bmad-master.agent.yaml",""
"yaml","config","core","bmad/core/config.yaml","dc42385cdf903cc54b5a3aa2ca1722c739c5d65f90c4470723d6174f2a2d3807"
"yaml","workflow","core","bmad/core/workflows/brainstorming/workflow.yaml","0f4f8ea755a36a449c473e76999c9d805e05d2f1571cb445d280bef2f8323abc"
"yaml","workflow","core","bmad/core/workflows/party-mode/workflow.yaml","e46f00f62c57a15809f9c8512351c14dbdcec29ae462369938bc12e1bdaec2f4"
